Date,Open,High,Low,Close*,Adj. close**,Volume
30/12/1930,15.06,15.06,15.06,15.06,15.06,-
29/12/1930,14.72,14.72,14.72,14.72,14.72,-
26/12/1930,14.85,14.85,14.85,14.85,14.85,-
24/12/1930,15.16,15.16,15.16,15.16,15.16,-
23/12/1930,14.96,14.96,14.96,14.96,14.96,-
22/12/1930,14.88,14.88,14.88,14.88,14.88,-
19/12/1930,15.39,15.39,15.39,15.39,15.39,-
18/12/1930,15.22,15.22,15.22,15.22,15.22,-
17/12/1930,15.11,15.11,15.11,15.11,15.11,-
16/12/1930,14.44,14.44,14.44,14.44,14.44,-
15/12/1930,14.94,14.94,14.94,14.94,14.94,-
12/12/1930,15.43,15.43,15.43,15.43,15.43,-
11/12/1930,15.55,15.55,15.55,15.55,15.55,-
10/12/1930,15.73,15.73,15.73,15.73,15.73,-
09/12/1930,15.98,15.98,15.98,15.98,15.98,-
08/12/1930,15.97,15.97,15.97,15.97,15.97,-
05/12/1930,16.43,16.43,16.43,16.43,16.43,-
04/12/1930,16.42,16.42,16.42,16.42,16.42,-
03/12/1930,16.67,16.67,16.67,16.67,16.67,-
02/12/1930,16.96,16.96,16.96,16.96,16.96,-
01/12/1930,16.8,16.8,16.8,16.8,16.8,-
28/11/1930,16.38,16.38,16.38,16.38,16.38,-
26/11/1930,16.61,16.61,16.61,16.61,16.61,-
25/11/1930,16.85,16.85,16.85,16.85,16.85,-
24/11/1930,17.05,17.05,17.05,17.05,17.05,-
21/11/1930,17.2,17.2,17.2,17.2,17.2,-
20/11/1930,16.94,16.94,16.94,16.94,16.94,-
19/11/1930,17.01,17.01,17.01,17.01,17.01,-
18/11/1930,16.66,16.66,16.66,16.66,16.66,-
17/11/1930,16.48,16.48,16.48,16.48,16.48,-
14/11/1930,16.89,16.89,16.89,16.89,16.89,-
13/11/1930,16.56,16.56,16.56,16.56,16.56,-
12/11/1930,16.14,16.14,16.14,16.14,16.14,-
11/11/1930,15.79,15.79,15.79,15.79,15.79,-
10/11/1930,15.54,15.54,15.54,15.54,15.54,-
07/11/1930,16.09,16.09,16.09,16.09,16.09,-
06/11/1930,16.65,16.65,16.65,16.65,16.65,-
05/11/1930,16.62,16.62,16.62,16.62,16.62,-
03/11/1930,17.13,17.13,17.13,17.13,17.13,-
31/10/1930,16.94,16.94,16.94,16.94,16.94,-
30/10/1930,17.34,17.34,17.34,17.34,17.34,-
29/10/1930,17.55,17.55,17.55,17.55,17.55,-
28/10/1930,17.86,17.86,17.86,17.86,17.86,-
27/10/1930,17.78,17.78,17.78,17.78,17.78,-
24/10/1930,17.74,17.74,17.74,17.74,17.74,-
23/10/1930,17.14,17.14,17.14,17.14,17.14,-
22/10/1930,16.9,16.9,16.9,16.9,16.9,-
21/10/1930,17.05,17.05,17.05,17.05,17.05,-
20/10/1930,17.57,17.57,17.57,17.57,17.57,-
17/10/1930,17.16,17.16,17.16,17.16,17.16,-
16/10/1930,17.88,17.88,17.88,17.88,17.88,-
15/10/1930,18.2,18.2,18.2,18.2,18.2,-
14/10/1930,17.91,17.91,17.91,17.91,17.91,-
10/10/1930,18.11,18.11,18.11,18.11,18.11,-
09/10/1930,17.67,17.67,17.67,17.67,17.67,-
08/10/1930,18.4,18.4,18.4,18.4,18.4,-
07/10/1930,18.62,18.62,18.62,18.62,18.62,-
06/10/1930,18.61,18.61,18.61,18.61,18.61,-
03/10/1930,19.42,19.42,19.42,19.42,19.42,-
02/10/1930,19.18,19.18,19.18,19.18,19.18,-
01/10/1930,19.42,19.42,19.42,19.42,19.42,-
30/09/1930,18.59,18.59,18.59,18.59,18.59,-
29/09/1930,18.88,18.88,18.88,18.88,18.88,-
26/09/1930,19.43,19.43,19.43,19.43,19.43,-
25/09/1930,19.73,19.73,19.73,19.73,19.73,-
24/09/1930,20.11,20.11,20.11,20.11,20.11,-
23/09/1930,20.44,20.44,20.44,20.44,20.44,-
22/09/1930,20.17,20.17,20.17,20.17,20.17,-
19/09/1930,20.68,20.68,20.68,20.68,20.68,-
18/09/1930,21.06,21.06,21.06,21.06,21.06,-
17/09/1930,21.29,21.29,21.29,21.29,21.29,-
16/09/1930,21.22,21.22,21.22,21.22,21.22,-
15/09/1930,21.19,21.19,21.19,21.19,21.19,-
12/09/1930,21.5,21.5,21.5,21.5,21.5,-
11/09/1930,21.72,21.72,21.72,21.72,21.72,-
10/09/1930,21.86,21.86,21.86,21.86,21.86,-
09/09/1930,21.76,21.76,21.76,21.76,21.76,-
08/09/1930,21.63,21.63,21.63,21.63,21.63,-
05/09/1930,21.34,21.34,21.34,21.34,21.34,-
04/09/1930,21.02,21.02,21.02,21.02,21.02,-
03/09/1930,21.17,21.17,21.17,21.17,21.17,-
02/09/1930,21.38,21.38,21.38,21.38,21.38,-
29/08/1930,21.37,21.37,21.37,21.37,21.37,-
28/08/1930,21.13,21.13,21.13,21.13,21.13,-
27/08/1930,21.14,21.14,21.14,21.14,21.14,-
26/08/1930,20.98,20.98,20.98,20.98,20.98,-
25/08/1930,20.68,20.68,20.68,20.68,20.68,-
22/08/1930,20.79,20.79,20.79,20.79,20.79,-
21/08/1930,20.64,20.64,20.64,20.64,20.64,-
20/08/1930,20.85,20.85,20.85,20.85,20.85,-
19/08/1930,20.74,20.74,20.74,20.74,20.74,-
18/08/1930,20.54,20.54,20.54,20.54,20.54,-
15/08/1930,20.7,20.7,20.7,20.7,20.7,-
14/08/1930,20.16,20.16,20.16,20.16,20.16,-
13/08/1930,20.15,20.15,20.15,20.15,20.15,-
12/08/1930,19.88,19.88,19.88,19.88,19.88,-
11/08/1930,20.4,20.4,20.4,20.4,20.4,-
08/08/1930,20.27,20.27,20.27,20.27,20.27,-
07/08/1930,21.06,21.06,21.06,21.06,21.06,-
06/08/1930,21.18,21.18,21.18,21.18,21.18,-
05/08/1930,21.52,21.52,21.52,21.52,21.52,-
04/08/1930,21.52,21.52,21.52,21.52,21.52,-
01/08/1930,21.11,21.11,21.11,21.11,21.11,-
31/07/1930,21.21,21.21,21.21,21.21,21.21,-
30/07/1930,21.08,21.08,21.08,21.08,21.08,-
29/07/1930,21.65,21.65,21.65,21.65,21.65,-
28/07/1930,21.82,21.82,21.82,21.82,21.82,-
25/07/1930,21.5,21.5,21.5,21.5,21.5,-
24/07/1930,21.38,21.38,21.38,21.38,21.38,-
23/07/1930,21.66,21.66,21.66,21.66,21.66,-
22/07/1930,21.32,21.32,21.32,21.32,21.32,-
21/07/1930,20.94,20.94,20.94,20.94,20.94,-
18/07/1930,21.77,21.77,21.77,21.77,21.77,-
17/07/1930,21.58,21.58,21.58,21.58,21.58,-
16/07/1930,21.48,21.48,21.48,21.48,21.48,-
15/07/1930,21.32,21.32,21.32,21.32,21.32,-
14/07/1930,21.36,21.36,21.36,21.36,21.36,-
11/07/1930,20.55,20.55,20.55,20.55,20.55,-
10/07/1930,20.77,20.77,20.77,20.77,20.77,-
09/07/1930,20.26,20.26,20.26,20.26,20.26,-
08/07/1930,19.97,19.97,19.97,19.97,19.97,-
07/07/1930,19.83,19.83,19.83,19.83,19.83,-
03/07/1930,20.25,20.25,20.25,20.25,20.25,-
02/07/1930,20.46,20.46,20.46,20.46,20.46,-
01/07/1930,20.24,20.24,20.24,20.24,20.24,-
30/06/1930,20.46,20.46,20.46,20.46,20.46,-
27/06/1930,19.81,19.81,19.81,19.81,19.81,-
26/06/1930,20,20,20,20,20,-
25/06/1930,19.54,19.54,19.54,19.54,19.54,-
24/06/1930,19.39,19.39,19.39,19.39,19.39,-
23/06/1930,20.09,20.09,20.09,20.09,20.09,-
20/06/1930,20.25,20.25,20.25,20.25,20.25,-
19/06/1930,20.79,20.79,20.79,20.79,20.79,-
18/06/1930,19.86,19.86,19.86,19.86,19.86,-
17/06/1930,20.58,20.58,20.58,20.58,20.58,-
16/06/1930,20.56,20.56,20.56,20.56,20.56,-
13/06/1930,22.26,22.26,22.26,22.26,22.26,-
12/06/1930,22.13,22.13,22.13,22.13,22.13,-
11/06/1930,22.2,22.2,22.2,22.2,22.2,-
10/06/1930,23.01,23.01,23.01,23.01,23.01,-
09/06/1930,22.38,22.38,22.38,22.38,22.38,-
06/06/1930,23.52,23.52,23.52,23.52,23.52,-
05/06/1930,23.91,23.91,23.91,23.91,23.91,-
04/06/1930,24.29,24.29,24.29,24.29,24.29,-
03/06/1930,24.18,24.18,24.18,24.18,24.18,-
02/06/1930,24.4,24.4,24.4,24.4,24.4,-
29/05/1930,24.49,24.49,24.49,24.49,24.49,-
28/05/1930,24.38,24.38,24.38,24.38,24.38,-
27/05/1930,24.24,24.24,24.24,24.24,24.24,-
26/05/1930,24.23,24.23,24.23,24.23,24.23,-
23/05/1930,24.03,24.03,24.03,24.03,24.03,-
22/05/1930,23.79,23.79,23.79,23.79,23.79,-
21/05/1930,23.74,23.74,23.74,23.74,23.74,-
20/05/1930,23.86,23.86,23.86,23.86,23.86,-
19/05/1930,23.75,23.75,23.75,23.75,23.75,-
16/05/1930,24.28,24.28,24.28,24.28,24.28,-
15/05/1930,24.17,24.17,24.17,24.17,24.17,-
14/05/1930,24.57,24.57,24.57,24.57,24.57,-
13/05/1930,24.42,24.42,24.42,24.42,24.42,-
12/05/1930,24.09,24.09,24.09,24.09,24.09,-
09/05/1930,23.69,23.69,23.69,23.69,23.69,-
08/05/1930,23.4,23.4,23.4,23.4,23.4,-
07/05/1930,23.31,23.31,23.31,23.31,23.31,-
06/05/1930,23.76,23.76,23.76,23.76,23.76,-
05/05/1930,22.98,22.98,22.98,22.98,22.98,-
02/05/1930,23.57,23.57,23.57,23.57,23.57,-
01/05/1930,24.3,24.3,24.3,24.3,24.3,-
30/04/1930,24.9,24.9,24.9,24.9,24.9,-
29/04/1930,24.73,24.73,24.73,24.73,24.73,-
28/04/1930,24.76,24.76,24.76,24.76,24.76,-
25/04/1930,25.32,25.32,25.32,25.32,25.32,-
24/04/1930,25.35,25.35,25.35,25.35,25.35,-
23/04/1930,25.55,25.55,25.55,25.55,25.55,-
22/04/1930,25.5,25.5,25.5,25.5,25.5,-
21/04/1930,25.29,25.29,25.29,25.29,25.29,-
17/04/1930,25.75,25.75,25.75,25.75,25.75,-
16/04/1930,25.56,25.56,25.56,25.56,25.56,-
15/04/1930,25.74,25.74,25.74,25.74,25.74,-
14/04/1930,25.73,25.73,25.73,25.73,25.73,-
11/04/1930,25.84,25.84,25.84,25.84,25.84,-
10/04/1930,25.92,25.92,25.92,25.92,25.92,-
09/04/1930,25.87,25.87,25.87,25.87,25.87,-
08/04/1930,25.46,25.46,25.46,25.46,25.46,-
07/04/1930,25.6,25.6,25.6,25.6,25.6,-
04/04/1930,25.54,25.54,25.54,25.54,25.54,-
03/04/1930,25.16,25.16,25.16,25.16,25.16,-
02/04/1930,25.11,25.11,25.11,25.11,25.11,-
01/04/1930,25.37,25.37,25.37,25.37,25.37,-
31/03/1930,24.15,24.15,24.15,24.15,24.15,-
28/03/1930,24.85,24.85,24.85,24.85,24.85,-
27/03/1930,24.57,24.57,24.57,24.57,24.57,-
26/03/1930,24.62,24.62,24.62,24.62,24.62,-
25/03/1930,24.25,24.25,24.25,24.25,24.25,-
24/03/1930,24.28,24.28,24.28,24.28,24.28,-
21/03/1930,24.29,24.29,24.29,24.29,24.29,-
20/03/1930,24.14,24.14,24.14,24.14,24.14,-
19/03/1930,24.03,24.03,24.03,24.03,24.03,-
18/03/1930,23.9,23.9,23.9,23.9,23.9,-
17/03/1930,23.67,23.67,23.67,23.67,23.67,-
14/03/1930,23.45,23.45,23.45,23.45,23.45,-
13/03/1930,23.6,23.6,23.6,23.6,23.6,-
12/03/1930,23.46,23.46,23.46,23.46,23.46,-
11/03/1930,23.72,23.72,23.72,23.72,23.72,-
10/03/1930,23.67,23.67,23.67,23.67,23.67,-
07/03/1930,23.59,23.59,23.59,23.59,23.59,-
06/03/1930,23.59,23.59,23.59,23.59,23.59,-
05/03/1930,23.36,23.36,23.36,23.36,23.36,-
04/03/1930,23.54,23.54,23.54,23.54,23.54,-
03/03/1930,23.36,23.36,23.36,23.36,23.36,-
28/02/1930,23.28,23.28,23.28,23.28,23.28,-
27/02/1930,23.08,23.08,23.08,23.08,23.08,-
26/02/1930,23.11,23.11,23.11,23.11,23.11,-
25/02/1930,22.89,22.89,22.89,22.89,22.89,-
24/02/1930,22.68,22.68,22.68,22.68,22.68,-
21/02/1930,22.92,22.92,22.92,22.92,22.92,-
20/02/1930,22.64,22.64,22.64,22.64,22.64,-
19/02/1930,23.07,23.07,23.07,23.07,23.07,-
18/02/1930,23.28,23.28,23.28,23.28,23.28,-
17/02/1930,23.26,23.26,23.26,23.26,23.26,-
14/02/1930,23.35,23.35,23.35,23.35,23.35,-
13/02/1930,23.36,23.36,23.36,23.36,23.36,-
11/02/1930,23.32,23.32,23.32,23.32,23.32,-
10/02/1930,23.12,23.12,23.12,23.12,23.12,-
07/02/1930,22.97,22.97,22.97,22.97,22.97,-
06/02/1930,23.06,23.06,23.06,23.06,23.06,-
05/02/1930,23.31,23.31,23.31,23.31,23.31,-
04/02/1930,23.01,23.01,23.01,23.01,23.01,-
03/02/1930,22.74,22.74,22.74,22.74,22.74,-
31/01/1930,22.79,22.79,22.79,22.79,22.79,-
30/01/1930,22.47,22.47,22.47,22.47,22.47,-
29/01/1930,22.35,22.35,22.35,22.35,22.35,-
28/01/1930,22.1,22.1,22.1,22.1,22.1,-
27/01/1930,22.21,22.21,22.21,22.21,22.21,-
24/01/1930,22.04,22.04,22.04,22.04,22.04,-
23/01/1930,21.84,21.84,21.84,21.84,21.84,-
22/01/1930,21.63,21.63,21.63,21.63,21.63,-
21/01/1930,21.61,21.61,21.61,21.61,21.61,-
20/01/1930,21.5,21.5,21.5,21.5,21.5,-
17/01/1930,21.31,21.31,21.31,21.31,21.31,-
16/01/1930,21.5,21.5,21.5,21.5,21.5,-
15/01/1930,21.65,21.65,21.65,21.65,21.65,-
14/01/1930,21.56,21.56,21.56,21.56,21.56,-
13/01/1930,21.52,21.52,21.52,21.52,21.52,-
10/01/1930,21.55,21.55,21.55,21.55,21.55,-
09/01/1930,21.62,21.62,21.62,21.62,21.62,-
08/01/1930,21.29,21.29,21.29,21.29,21.29,-
07/01/1930,21.31,21.31,21.31,21.31,21.31,-
06/01/1930,21.5,21.5,21.5,21.5,21.5,-
03/01/1930,21.23,21.23,21.23,21.23,21.23,-
02/01/1930,21.18,21.18,21.18,21.18,21.18,-
31/12/1929,21.45,21.45,21.45,21.45,21.45,-
30/12/1929,20.89,20.89,20.89,20.89,20.89,-
27/12/1929,20.82,20.82,20.82,20.82,20.82,-
26/12/1929,20.84,20.84,20.84,20.84,20.84,-
24/12/1929,20.39,20.39,20.39,20.39,20.39,-
23/12/1929,20.26,20.26,20.26,20.26,20.26,-
20/12/1929,20.16,20.16,20.16,20.16,20.16,-
19/12/1929,20.85,20.85,20.85,20.85,20.85,-
18/12/1929,21.42,21.42,21.42,21.42,21.42,-
17/12/1929,21.56,21.56,21.56,21.56,21.56,-
16/12/1929,21.33,21.33,21.33,21.33,21.33,-
13/12/1929,21.7,21.7,21.7,21.7,21.7,-
12/12/1929,21.17,21.17,21.17,21.17,21.17,-
11/12/1929,22.38,22.38,22.38,22.38,22.38,-
10/12/1929,22.57,22.57,22.57,22.57,22.57,-
09/12/1929,22.4,22.4,22.4,22.4,22.4,-
06/12/1929,22.45,22.45,22.45,22.45,22.45,-
05/12/1929,21.87,21.87,21.87,21.87,21.87,-
04/12/1929,22.05,22.05,22.05,22.05,22.05,-
03/12/1929,21.65,21.65,21.65,21.65,21.65,-
02/12/1929,20.95,20.95,20.95,20.95,20.95,-
27/11/1929,20.92,20.92,20.92,20.92,20.92,-
26/11/1929,20.66,20.66,20.66,20.66,20.66,-
25/11/1929,21.28,21.28,21.28,21.28,21.28,-
22/11/1929,21.53,21.53,21.53,21.53,21.53,-
21/11/1929,21.61,21.61,21.61,21.61,21.61,-
20/11/1929,21.27,21.27,21.27,21.27,21.27,-
19/11/1929,20.7,20.7,20.7,20.7,20.7,-
18/11/1929,20.09,20.09,20.09,20.09,20.09,-
15/11/1929,20.3,20.3,20.3,20.3,20.3,-
14/11/1929,19.24,19.24,19.24,19.24,19.24,-
13/11/1929,17.66,17.66,17.66,17.66,17.66,-
12/11/1929,18.73,18.73,18.73,18.73,18.73,-
11/11/1929,19.86,19.86,19.86,19.86,19.86,-
08/11/1929,21.18,21.18,21.18,21.18,21.18,-
07/11/1929,21.37,21.37,21.37,21.37,21.37,-
06/11/1929,20.61,20.61,20.61,20.61,20.61,-
04/11/1929,22.88,22.88,22.88,22.88,22.88,-
31/10/1929,24.15,24.15,24.15,24.15,24.15,-
30/10/1929,22.99,22.99,22.99,22.99,22.99,-
29/10/1929,20.43,20.43,20.43,20.43,20.43,-
28/10/1929,22.74,22.74,22.74,22.74,22.74,-
25/10/1929,26.12,26.12,26.12,26.12,26.12,-
24/10/1929,25.75,25.75,25.75,25.75,25.75,-
23/10/1929,26.6,26.6,26.6,26.6,26.6,-
22/10/1929,28.27,28.27,28.27,28.27,28.27,-
21/10/1929,27.73,27.73,27.73,27.73,27.73,-
18/10/1929,28.84,28.84,28.84,28.84,28.84,-
17/10/1929,29.69,29.69,29.69,29.69,29.69,-
16/10/1929,29.24,29.24,29.24,29.24,29.24,-
15/10/1929,30.3,30.3,30.3,30.3,30.3,-
14/10/1929,30.55,30.55,30.55,30.55,30.55,-
11/10/1929,30.76,30.76,30.76,30.76,30.76,-
10/10/1929,30.81,30.81,30.81,30.81,30.81,-
09/10/1929,30.27,30.27,30.27,30.27,30.27,-
08/10/1929,30.34,30.34,30.34,30.34,30.34,-
07/10/1929,30.44,30.44,30.44,30.44,30.44,-
04/10/1929,28.65,28.65,28.65,28.65,28.65,-
03/10/1929,28.95,28.95,28.95,28.95,28.95,-
02/10/1929,30.2,30.2,30.2,30.2,30.2,-
01/10/1929,29.98,29.98,29.98,29.98,29.98,-
30/09/1929,30.16,30.16,30.16,30.16,30.16,-
27/09/1929,30.27,30.27,30.27,30.27,30.27,-
26/09/1929,31.13,31.13,31.13,31.13,31.13,-
25/09/1929,30.85,30.85,30.85,30.85,30.85,-
24/09/1929,30.8,30.8,30.8,30.8,30.8,-
23/09/1929,31.38,31.38,31.38,31.38,31.38,-
20/09/1929,31.39,31.39,31.39,31.39,31.39,-
19/09/1929,31.73,31.73,31.73,31.73,31.73,-
18/09/1929,31.68,31.68,31.68,31.68,31.68,-
17/09/1929,31.6,31.6,31.6,31.6,31.6,-
16/09/1929,31.86,31.86,31.86,31.86,31.86,-
13/09/1929,31.38,31.38,31.38,31.38,31.38,-
12/09/1929,31.17,31.17,31.17,31.17,31.17,-
11/09/1929,31.53,31.53,31.53,31.53,31.53,-
10/09/1929,31.1,31.1,31.1,31.1,31.1,-
09/09/1929,31.67,31.67,31.67,31.67,31.67,-
06/09/1929,31.83,31.83,31.83,31.83,31.83,-
05/09/1929,31.02,31.02,31.02,31.02,31.02,-
04/09/1929,31.72,31.72,31.72,31.72,31.72,-
03/09/1929,31.82,31.82,31.82,31.82,31.82,-
30/08/1929,31.71,31.71,31.71,31.71,31.71,-
29/08/1929,31.29,31.29,31.29,31.29,31.29,-
28/08/1929,30.99,30.99,30.99,30.99,30.99,-
27/08/1929,31.05,31.05,31.05,31.05,31.05,-
26/08/1929,31.07,31.07,31.07,31.07,31.07,-
23/08/1929,31.09,31.09,31.09,31.09,31.09,-
22/08/1929,30.79,30.79,30.79,30.79,30.79,-
21/08/1929,30.55,30.55,30.55,30.55,30.55,-
20/08/1929,30.68,30.68,30.68,30.68,30.68,-
19/08/1929,30.5,30.5,30.5,30.5,30.5,-
16/08/1929,30.22,30.22,30.22,30.22,30.22,-
15/08/1929,29.67,29.67,29.67,29.67,29.67,-
14/08/1929,29.62,29.62,29.62,29.62,29.62,-
13/08/1929,29.53,29.53,29.53,29.53,29.53,-
12/08/1929,29.27,29.27,29.27,29.27,29.27,-
09/08/1929,28.38,28.38,28.38,28.38,28.38,-
08/08/1929,29.47,29.47,29.47,29.47,29.47,-
07/08/1929,29.13,29.13,29.13,29.13,29.13,-
06/08/1929,29.43,29.43,29.43,29.43,29.43,-
05/08/1929,29.54,29.54,29.54,29.54,29.54,-
02/08/1929,29.56,29.56,29.56,29.56,29.56,-
01/08/1929,29.08,29.08,29.08,29.08,29.08,-
31/07/1929,28.88,28.88,28.88,28.88,28.88,-
30/07/1929,28.5,28.5,28.5,28.5,28.5,-
29/07/1929,28.18,28.18,28.18,28.18,28.18,-
26/07/1929,28.66,28.66,28.66,28.66,28.66,-
25/07/1929,28.77,28.77,28.77,28.77,28.77,-
24/07/1929,28.64,28.64,28.64,28.64,28.64,-
23/07/1929,28.83,28.83,28.83,28.83,28.83,-
22/07/1929,28.43,28.43,28.43,28.43,28.43,-
19/07/1929,28.76,28.76,28.76,28.76,28.76,-
18/07/1929,28.66,28.66,28.66,28.66,28.66,-
17/07/1929,28.72,28.72,28.72,28.72,28.72,-
16/07/1929,28.65,28.65,28.65,28.65,28.65,-
15/07/1929,28.45,28.45,28.45,28.45,28.45,-
12/07/1929,28.57,28.57,28.57,28.57,28.57,-
11/07/1929,28.26,28.26,28.26,28.26,28.26,-
10/07/1929,28.2,28.2,28.2,28.2,28.2,-
09/07/1929,28.28,28.28,28.28,28.28,28.28,-
08/07/1929,28.37,28.37,28.37,28.37,28.37,-
05/07/1929,28.32,28.32,28.32,28.32,28.32,-
03/07/1929,28.18,28.18,28.18,28.18,28.18,-
02/07/1929,28.06,28.06,28.06,28.06,28.06,-
01/07/1929,27.77,27.77,27.77,27.77,27.77,-
28/06/1929,27.41,27.41,27.41,27.41,27.41,-
27/06/1929,27.11,27.11,27.11,27.11,27.11,-
26/06/1929,27.06,27.06,27.06,27.06,27.06,-
25/06/1929,26.9,26.9,26.9,26.9,26.9,-
24/06/1929,26.62,26.62,26.62,26.62,26.62,-
21/06/1929,26.62,26.62,26.62,26.62,26.62,-
20/06/1929,26.47,26.47,26.47,26.47,26.47,-
19/06/1929,26.32,26.32,26.32,26.32,26.32,-
18/06/1929,26.42,26.42,26.42,26.42,26.42,-
17/06/1929,26.41,26.41,26.41,26.41,26.41,-
14/06/1929,25.93,25.93,25.93,25.93,25.93,-
13/06/1929,25.84,25.84,25.84,25.84,25.84,-
12/06/1929,25.45,25.45,25.45,25.45,25.45,-
11/06/1929,25.43,25.43,25.43,25.43,25.43,-
10/06/1929,25.27,25.27,25.27,25.27,25.27,-
07/06/1929,25.53,25.53,25.53,25.53,25.53,-
06/06/1929,25.64,25.64,25.64,25.64,25.64,-
05/06/1929,25.59,25.59,25.59,25.59,25.59,-
04/06/1929,25.64,25.64,25.64,25.64,25.64,-
03/06/1929,25.27,25.27,25.27,25.27,25.27,-
31/05/1929,24.83,24.83,24.83,24.83,24.83,-
29/05/1929,24.62,24.62,24.62,24.62,24.62,-
28/05/1929,24.59,24.59,24.59,24.59,24.59,-
27/05/1929,24.2,24.2,24.2,24.2,24.2,-
24/05/1929,25.12,25.12,25.12,25.12,25.12,-
23/05/1929,25.31,25.31,25.31,25.31,25.31,-
22/05/1929,24.76,24.76,24.76,24.76,24.76,-
21/05/1929,25.7,25.7,25.7,25.7,25.7,-
20/05/1929,25.39,25.39,25.39,25.39,25.39,-
17/05/1929,26.09,26.09,26.09,26.09,26.09,-
16/05/1929,25.97,25.97,25.97,25.97,25.97,-
15/05/1929,25.84,25.84,25.84,25.84,25.84,-
14/05/1929,25.95,25.95,25.95,25.95,25.95,-
13/05/1929,25.64,25.64,25.64,25.64,25.64,-
10/05/1929,26.34,26.34,26.34,26.34,26.34,-
09/05/1929,26.02,26.02,26.02,26.02,26.02,-
08/05/1929,26.18,26.18,26.18,26.18,26.18,-
07/05/1929,26.07,26.07,26.07,26.07,26.07,-
06/05/1929,26.32,26.32,26.32,26.32,26.32,-
03/05/1929,26.37,26.37,26.37,26.37,26.37,-
02/05/1929,26.11,26.11,26.11,26.11,26.11,-
01/05/1929,25.99,25.99,25.99,25.99,25.99,-
30/04/1929,25.94,25.94,25.94,25.94,25.94,-
29/04/1929,25.53,25.53,25.53,25.53,25.53,-
26/04/1929,25.58,25.58,25.58,25.58,25.58,-
25/04/1929,25.63,25.63,25.63,25.63,25.63,-
24/04/1929,25.75,25.75,25.75,25.75,25.75,-
23/04/1929,25.85,25.85,25.85,25.85,25.85,-
22/04/1929,25.7,25.7,25.7,25.7,25.7,-
19/04/1929,25.41,25.41,25.41,25.41,25.41,-
18/04/1929,25.43,25.43,25.43,25.43,25.43,-
17/04/1929,25.32,25.32,25.32,25.32,25.32,-
16/04/1929,25.06,25.06,25.06,25.06,25.06,-
15/04/1929,25,25,25,25,25,-
12/04/1929,25.15,25.15,25.15,25.15,25.15,-
11/04/1929,25.06,25.06,25.06,25.06,25.06,-
10/04/1929,24.78,24.78,24.78,24.78,24.78,-
09/04/1929,24.63,24.63,24.63,24.63,24.63,-
08/04/1929,24.83,24.83,24.83,24.83,24.83,-
05/04/1929,25.05,25.05,25.05,25.05,25.05,-
04/04/1929,25.3,25.3,25.3,25.3,25.3,-
03/04/1929,24.86,24.86,24.86,24.86,24.86,-
02/04/1929,25.17,25.17,25.17,25.17,25.17,-
01/04/1929,24.88,24.88,24.88,24.88,24.88,-
28/03/1929,25.53,25.53,25.53,25.53,25.53,-
27/03/1929,25.09,25.09,25.09,25.09,25.09,-
26/03/1929,24.35,24.35,24.35,24.35,24.35,-
25/03/1929,24.51,24.51,24.51,24.51,24.51,-
22/03/1929,25.55,25.55,25.55,25.55,25.55,-
21/03/1929,25.9,25.9,25.9,25.9,25.9,-
20/03/1929,26.02,26.02,26.02,26.02,26.02,-
19/03/1929,26.03,26.03,26.03,26.03,26.03,-
18/03/1929,26.04,26.04,26.04,26.04,26.04,-
15/03/1929,26.08,26.08,26.08,26.08,26.08,-
14/03/1929,25.73,25.73,25.73,25.73,25.73,-
13/03/1929,25.24,25.24,25.24,25.24,25.24,-
12/03/1929,24.97,24.97,24.97,24.97,24.97,-
11/03/1929,24.95,24.95,24.95,24.95,24.95,-
08/03/1929,25.31,25.31,25.31,25.31,25.31,-
07/03/1929,25.15,25.15,25.15,25.15,25.15,-
06/03/1929,24.92,24.92,24.92,24.92,24.92,-
05/03/1929,25.32,25.32,25.32,25.32,25.32,-
04/03/1929,25.49,25.49,25.49,25.49,25.49,-
01/03/1929,25.83,25.83,25.83,25.83,25.83,-
28/02/1929,25.59,25.59,25.59,25.59,25.59,-
27/02/1929,25.25,25.25,25.25,25.25,25.25,-
26/02/1929,24.95,24.95,24.95,24.95,24.95,-
25/02/1929,24.91,24.91,24.91,24.91,24.91,-
21/02/1929,24.86,24.86,24.86,24.86,24.86,-
20/02/1929,24.59,24.59,24.59,24.59,24.59,-
19/02/1929,24.38,24.38,24.38,24.38,24.38,-
18/02/1929,24.39,24.39,24.39,24.39,24.39,-
15/02/1929,24.35,24.35,24.35,24.35,24.35,-
14/02/1929,24.85,24.85,24.85,24.85,24.85,-
13/02/1929,24.95,24.95,24.95,24.95,24.95,-
11/02/1929,24.98,24.98,24.98,24.98,24.98,-
08/02/1929,24.44,24.44,24.44,24.44,24.44,-
07/02/1929,24.71,24.71,24.71,24.71,24.71,-
06/02/1929,25.49,25.49,25.49,25.49,25.49,-
05/02/1929,25.7,25.7,25.7,25.7,25.7,-
04/02/1929,25.64,25.64,25.64,25.64,25.64,-
01/02/1929,25.84,25.84,25.84,25.84,25.84,-
31/01/1929,25.74,25.74,25.74,25.74,25.74,-
30/01/1929,25.45,25.45,25.45,25.45,25.45,-
29/01/1929,25.36,25.36,25.36,25.36,25.36,-
28/01/1929,25.35,25.35,25.35,25.35,25.35,-
25/01/1929,25.48,25.48,25.48,25.48,25.48,-
24/01/1929,25.06,25.06,25.06,25.06,25.06,-
23/01/1929,25.22,25.22,25.22,25.22,25.22,-
22/01/1929,25.07,25.07,25.07,25.07,25.07,-
21/01/1929,24.86,24.86,24.86,24.86,24.86,-
18/01/1929,24.77,24.77,24.77,24.77,24.77,-
17/01/1929,24.69,24.69,24.69,24.69,24.69,-
16/01/1929,24.56,24.56,24.56,24.56,24.56,-
15/01/1929,24.23,24.23,24.23,24.23,24.23,-
14/01/1929,24.59,24.59,24.59,24.59,24.59,-
11/01/1929,24.54,24.54,24.54,24.54,24.54,-
10/01/1929,24.58,24.58,24.58,24.58,24.58,-
09/01/1929,24.54,24.54,24.54,24.54,24.54,-
08/01/1929,24.17,24.17,24.17,24.17,24.17,-
07/01/1929,24.25,24.25,24.25,24.25,24.25,-
04/01/1929,24.85,24.85,24.85,24.85,24.85,-
03/01/1929,24.86,24.86,24.86,24.86,24.86,-
02/01/1929,24.81,24.81,24.81,24.81,24.81,-
31/12/1928,24.35,24.35,24.35,24.35,24.35,-
28/12/1928,23.98,23.98,23.98,23.98,23.98,-
27/12/1928,23.64,23.64,23.64,23.64,23.64,-
26/12/1928,23.44,23.44,23.44,23.44,23.44,-
24/12/1928,23.54,23.54,23.54,23.54,23.54,-
21/12/1928,23.33,23.33,23.33,23.33,23.33,-
20/12/1928,23.07,23.07,23.07,23.07,23.07,-
19/12/1928,22.98,22.98,22.98,22.98,22.98,-
18/12/1928,22.7,22.7,22.7,22.7,22.7,-
17/12/1928,22.44,22.44,22.44,22.44,22.44,-
14/12/1928,22.53,22.53,22.53,22.53,22.53,-
13/12/1928,22.48,22.48,22.48,22.48,22.48,-
12/12/1928,22.52,22.52,22.52,22.52,22.52,-
11/12/1928,22.74,22.74,22.74,22.74,22.74,-
10/12/1928,22.31,22.31,22.31,22.31,22.31,-
07/12/1928,22.36,22.36,22.36,22.36,22.36,-
06/12/1928,22.91,22.91,22.91,22.91,22.91,-
05/12/1928,23.81,23.81,23.81,23.81,23.81,-
04/12/1928,23.91,23.91,23.91,23.91,23.91,-
03/12/1928,23.85,23.85,23.85,23.85,23.85,-
30/11/1928,24.28,24.28,24.28,24.28,24.28,-
28/11/1928,24.19,24.19,24.19,24.19,24.19,-
27/11/1928,23.91,23.91,23.91,23.91,23.91,-
26/11/1928,23.8,23.8,23.8,23.8,23.8,-
23/11/1928,23.7,23.7,23.7,23.7,23.7,-
22/11/1928,23.52,23.52,23.52,23.52,23.52,-
21/11/1928,23.22,23.22,23.22,23.22,23.22,-
20/11/1928,23.57,23.57,23.57,23.57,23.57,-
19/11/1928,23.37,23.37,23.37,23.37,23.37,-
16/11/1928,23.37,23.37,23.37,23.37,23.37,-
15/11/1928,23.03,23.03,23.03,23.03,23.03,-
14/11/1928,22.91,22.91,22.91,22.91,22.91,-
13/11/1928,22.91,22.91,22.91,22.91,22.91,-
12/11/1928,22.84,22.84,22.84,22.84,22.84,-
09/11/1928,22.55,22.55,22.55,22.55,22.55,-
08/11/1928,22.39,22.39,22.39,22.39,22.39,-
07/11/1928,22.24,22.24,22.24,22.24,22.24,-
05/11/1928,22.24,22.24,22.24,22.24,22.24,-
02/11/1928,21.95,21.95,21.95,21.95,21.95,-
01/11/1928,21.99,21.99,21.99,21.99,21.99,-
31/10/1928,21.68,21.68,21.68,21.68,21.68,-
30/10/1928,21.76,21.76,21.76,21.76,21.76,-
29/10/1928,22,22,22,22,22,-
26/10/1928,21.65,21.65,21.65,21.65,21.65,-
25/10/1928,21.91,21.91,21.91,21.91,21.91,-
24/10/1928,21.99,21.99,21.99,21.99,21.99,-
23/10/1928,21.95,21.95,21.95,21.95,21.95,-
22/10/1928,21.81,21.81,21.81,21.81,21.81,-
19/10/1928,21.96,21.96,21.96,21.96,21.96,-
18/10/1928,21.84,21.84,21.84,21.84,21.84,-
17/10/1928,21.79,21.79,21.79,21.79,21.79,-
16/10/1928,21.72,21.72,21.72,21.72,21.72,-
15/10/1928,21.65,21.65,21.65,21.65,21.65,-
11/10/1928,21.51,21.51,21.51,21.51,21.51,-
10/10/1928,21.41,21.41,21.41,21.41,21.41,-
09/10/1928,21.18,21.18,21.18,21.18,21.18,-
08/10/1928,21.11,21.11,21.11,21.11,21.11,-
05/10/1928,21.22,21.22,21.22,21.22,21.22,-
04/10/1928,21.26,21.26,21.26,21.26,21.26,-
03/10/1928,21.19,21.19,21.19,21.19,21.19,-
02/10/1928,21.26,21.26,21.26,21.26,21.26,-
01/10/1928,21.36,21.36,21.36,21.36,21.36,-
28/09/1928,21.14,21.14,21.14,21.14,21.14,-
27/09/1928,21.13,21.13,21.13,21.13,21.13,-
26/09/1928,21.4,21.4,21.4,21.4,21.4,-
25/09/1928,21.41,21.41,21.41,21.41,21.41,-
24/09/1928,21.43,21.43,21.43,21.43,21.43,-
21/09/1928,21.36,21.36,21.36,21.36,21.36,-
20/09/1928,21.22,21.22,21.22,21.22,21.22,-
19/09/1928,21.18,21.18,21.18,21.18,21.18,-
18/09/1928,21.18,21.18,21.18,21.18,21.18,-
17/09/1928,21.33,21.33,21.33,21.33,21.33,-
14/09/1928,21.14,21.14,21.14,21.14,21.14,-
13/09/1928,21.14,21.14,21.14,21.14,21.14,-
12/09/1928,21.16,21.16,21.16,21.16,21.16,-
11/09/1928,21.08,21.08,21.08,21.08,21.08,-
10/09/1928,20.92,20.92,20.92,20.92,20.92,-
07/09/1928,21.09,21.09,21.09,21.09,21.09,-
06/09/1928,20.94,20.94,20.94,20.94,20.94,-
05/09/1928,21.07,21.07,21.07,21.07,21.07,-
04/09/1928,20.97,20.97,20.97,20.97,20.97,-
31/08/1928,20.87,20.87,20.87,20.87,20.87,-
30/08/1928,20.61,20.61,20.61,20.61,20.61,-
29/08/1928,20.58,20.58,20.58,20.58,20.58,-
28/08/1928,20.54,20.54,20.54,20.54,20.54,-
27/08/1928,20.38,20.38,20.38,20.38,20.38,-
24/08/1928,20.34,20.34,20.34,20.34,20.34,-
23/08/1928,20.02,20.02,20.02,20.02,20.02,-
22/08/1928,20,20,20,20,20,-
21/08/1928,20.02,20.02,20.02,20.02,20.02,-
20/08/1928,19.77,19.77,19.77,19.77,19.77,-
17/08/1928,19.64,19.64,19.64,19.64,19.64,-
16/08/1928,19.61,19.61,19.61,19.61,19.61,-
15/08/1928,19.47,19.47,19.47,19.47,19.47,-
14/08/1928,19.13,19.13,19.13,19.13,19.13,-
13/08/1928,19.29,19.29,19.29,19.29,19.29,-
10/08/1928,19.25,19.25,19.25,19.25,19.25,-
09/08/1928,19.3,19.3,19.3,19.3,19.3,-
08/08/1928,19.25,19.25,19.25,19.25,19.25,-
07/08/1928,19.49,19.49,19.49,19.49,19.49,-
06/08/1928,19.58,19.58,19.58,19.58,19.58,-
03/08/1928,19.36,19.36,19.36,19.36,19.36,-
02/08/1928,19.33,19.33,19.33,19.33,19.33,-
01/08/1928,19.42,19.42,19.42,19.42,19.42,-
31/07/1928,19.43,19.43,19.43,19.43,19.43,-
30/07/1928,19.47,19.47,19.47,19.47,19.47,-
27/07/1928,19.42,19.42,19.42,19.42,19.42,-
26/07/1928,19.24,19.24,19.24,19.24,19.24,-
25/07/1928,19.2,19.2,19.2,19.2,19.2,-
24/07/1928,19.09,19.09,19.09,19.09,19.09,-
23/07/1928,19.12,19.12,19.12,19.12,19.12,-
20/07/1928,19.03,19.03,19.03,19.03,19.03,-
19/07/1928,18.99,18.99,18.99,18.99,18.99,-
18/07/1928,19.03,19.03,19.03,19.03,19.03,-
17/07/1928,18.8,18.8,18.8,18.8,18.8,-
16/07/1928,18.7,18.7,18.7,18.7,18.7,-
13/07/1928,18.96,18.96,18.96,18.96,18.96,-
12/07/1928,18.81,18.81,18.81,18.81,18.81,-
11/07/1928,18.95,18.95,18.95,18.95,18.95,-
10/07/1928,19.43,19.43,19.43,19.43,19.43,-
09/07/1928,19.46,19.46,19.46,19.46,19.46,-
06/07/1928,19.39,19.39,19.39,19.39,19.39,-
05/07/1928,19.48,19.48,19.48,19.48,19.48,-
03/07/1928,19.29,19.29,19.29,19.29,19.29,-
02/07/1928,18.98,18.98,18.98,18.98,18.98,-
29/06/1928,19.14,19.14,19.14,19.14,19.14,-
28/06/1928,19.07,19.07,19.07,19.07,19.07,-
27/06/1928,18.86,18.86,18.86,18.86,18.86,-
26/06/1928,18.68,18.68,18.68,18.68,18.68,-
25/06/1928,18.47,18.47,18.47,18.47,18.47,-
22/06/1928,18.54,18.54,18.54,18.54,18.54,-
21/06/1928,18.56,18.56,18.56,18.56,18.56,-
20/06/1928,18.57,18.57,18.57,18.57,18.57,-
19/06/1928,18.34,18.34,18.34,18.34,18.34,-
18/06/1928,18.4,18.4,18.4,18.4,18.4,-
15/06/1928,18.74,18.74,18.74,18.74,18.74,-
14/06/1928,19.05,19.05,19.05,19.05,19.05,-
13/06/1928,18.89,18.89,18.89,18.89,18.89,-
12/06/1928,18.34,18.34,18.34,18.34,18.34,-
11/06/1928,18.68,18.68,18.68,18.68,18.68,-
08/06/1928,19.37,19.37,19.37,19.37,19.37,-
07/06/1928,19.61,19.61,19.61,19.61,19.61,-
06/06/1928,19.66,19.66,19.66,19.66,19.66,-
05/06/1928,19.85,19.85,19.85,19.85,19.85,-
04/06/1928,19.8,19.8,19.8,19.8,19.8,-
01/06/1928,20.07,20.07,20.07,20.07,20.07,-
31/05/1928,20,20,20,20,20,-
29/05/1928,19.82,19.82,19.82,19.82,19.82,-
28/05/1928,19.57,19.57,19.57,19.57,19.57,-
25/05/1928,19.9,19.9,19.9,19.9,19.9,-
24/05/1928,19.87,19.87,19.87,19.87,19.87,-
23/05/1928,19.75,19.75,19.75,19.75,19.75,-
22/05/1928,19.36,19.36,19.36,19.36,19.36,-
21/05/1928,19.63,19.63,19.63,19.63,19.63,-
18/05/1928,19.92,19.92,19.92,19.92,19.92,-
17/05/1928,20.12,20.12,20.12,20.12,20.12,-
16/05/1928,20.05,20.05,20.05,20.05,20.05,-
15/05/1928,20.39,20.39,20.39,20.39,20.39,-
14/05/1928,20.44,20.44,20.44,20.44,20.44,-
11/05/1928,20.36,20.36,20.36,20.36,20.36,-
10/05/1928,20.21,20.21,20.21,20.21,20.21,-
09/05/1928,20.24,20.24,20.24,20.24,20.24,-
08/05/1928,20.27,20.27,20.27,20.27,20.27,-
07/05/1928,20.41,20.41,20.41,20.41,20.41,-
04/05/1928,20.24,20.24,20.24,20.24,20.24,-
03/05/1928,19.93,19.93,19.93,19.93,19.93,-
02/05/1928,19.83,19.83,19.83,19.83,19.83,-
01/05/1928,19.78,19.78,19.78,19.78,19.78,-
30/04/1928,19.75,19.75,19.75,19.75,19.75,-
27/04/1928,19.68,19.68,19.68,19.68,19.68,-
26/04/1928,19.47,19.47,19.47,19.47,19.47,-
25/04/1928,19.33,19.33,19.33,19.33,19.33,-
24/04/1928,19.25,19.25,19.25,19.25,19.25,-
23/04/1928,19.15,19.15,19.15,19.15,19.15,-
20/04/1928,19.34,19.34,19.34,19.34,19.34,-
19/04/1928,19.63,19.63,19.63,19.63,19.63,-
18/04/1928,19.52,19.52,19.52,19.52,19.52,-
17/04/1928,19.52,19.52,19.52,19.52,19.52,-
16/04/1928,19.68,19.68,19.68,19.68,19.68,-
13/04/1928,19.73,19.73,19.73,19.73,19.73,-
12/04/1928,19.41,19.41,19.41,19.41,19.41,-
11/04/1928,19.44,19.44,19.44,19.44,19.44,-
10/04/1928,19.1,19.1,19.1,19.1,19.1,-
09/04/1928,19.27,19.27,19.27,19.27,19.27,-
05/04/1928,19.23,19.23,19.23,19.23,19.23,-
04/04/1928,18.99,18.99,18.99,18.99,18.99,-
03/04/1928,19.02,19.02,19.02,19.02,19.02,-
02/04/1928,18.91,18.91,18.91,18.91,18.91,-
30/03/1928,19.28,19.28,19.28,19.28,19.28,-
29/03/1928,18.95,18.95,18.95,18.95,18.95,-
28/03/1928,18.89,18.89,18.89,18.89,18.89,-
27/03/1928,18.94,18.94,18.94,18.94,18.94,-
26/03/1928,19.05,19.05,19.05,19.05,19.05,-
23/03/1928,18.78,18.78,18.78,18.78,18.78,-
22/03/1928,18.6,18.6,18.6,18.6,18.6,-
21/03/1928,18.65,18.65,18.65,18.65,18.65,-
20/03/1928,18.46,18.46,18.46,18.46,18.46,-
19/03/1928,18.36,18.36,18.36,18.36,18.36,-
16/03/1928,18.26,18.26,18.26,18.26,18.26,-
15/03/1928,18.07,18.07,18.07,18.07,18.07,-
14/03/1928,17.93,17.93,17.93,17.93,17.93,-
13/03/1928,17.92,17.92,17.92,17.92,17.92,-
12/03/1928,18,18,18,18,18,-
09/03/1928,17.93,17.93,17.93,17.93,17.93,-
08/03/1928,17.64,17.64,17.64,17.64,17.64,-
07/03/1928,17.58,17.58,17.58,17.58,17.58,-
06/03/1928,17.67,17.67,17.67,17.67,17.67,-
05/03/1928,17.57,17.57,17.57,17.57,17.57,-
02/03/1928,17.3,17.3,17.3,17.3,17.3,-
01/03/1928,17.3,17.3,17.3,17.3,17.3,-
29/02/1928,17.26,17.26,17.26,17.26,17.26,-
28/02/1928,17.16,17.16,17.16,17.16,17.16,-
27/02/1928,17.11,17.11,17.11,17.11,17.11,-
24/02/1928,17.18,17.18,17.18,17.18,17.18,-
23/02/1928,17.13,17.13,17.13,17.13,17.13,-
21/02/1928,17.11,17.11,17.11,17.11,17.11,-
20/02/1928,16.95,16.95,16.95,16.95,16.95,-
17/02/1928,17.04,17.04,17.04,17.04,17.04,-
16/02/1928,17.35,17.35,17.35,17.35,17.35,-
15/02/1928,17.4,17.4,17.4,17.4,17.4,-
14/02/1928,17.44,17.44,17.44,17.44,17.44,-
10/02/1928,17.54,17.54,17.54,17.54,17.54,-
09/02/1928,17.55,17.55,17.55,17.55,17.55,-
08/02/1928,17.49,17.49,17.49,17.49,17.49,-
07/02/1928,17.44,17.44,17.44,17.44,17.44,-
06/02/1928,17.45,17.45,17.45,17.45,17.45,-
03/02/1928,17.4,17.4,17.4,17.4,17.4,-
02/02/1928,17.63,17.63,17.63,17.63,17.63,-
01/02/1928,17.53,17.53,17.53,17.53,17.53,-
31/01/1928,17.57,17.57,17.57,17.57,17.57,-
30/01/1928,17.49,17.49,17.49,17.49,17.49,-
27/01/1928,17.69,17.69,17.69,17.69,17.69,-
26/01/1928,17.63,17.63,17.63,17.63,17.63,-
25/01/1928,17.52,17.52,17.52,17.52,17.52,-
24/01/1928,17.71,17.71,17.71,17.71,17.71,-
23/01/1928,17.64,17.64,17.64,17.64,17.64,-
20/01/1928,17.48,17.48,17.48,17.48,17.48,-
19/01/1928,17.38,17.38,17.38,17.38,17.38,-
18/01/1928,17.26,17.26,17.26,17.26,17.26,-
17/01/1928,17.3,17.3,17.3,17.3,17.3,-
16/01/1928,17.29,17.29,17.29,17.29,17.29,-
13/01/1928,17.58,17.58,17.58,17.58,17.58,-
12/01/1928,17.47,17.47,17.47,17.47,17.47,-
11/01/1928,17.35,17.35,17.35,17.35,17.35,-
10/01/1928,17.37,17.37,17.37,17.37,17.37,-
09/01/1928,17.5,17.5,17.5,17.5,17.5,-
06/01/1928,17.66,17.66,17.66,17.66,17.66,-
05/01/1928,17.55,17.55,17.55,17.55,17.55,-
04/01/1928,17.72,17.72,17.72,17.72,17.72,-
03/01/1928,17.76,17.76,17.76,17.76,17.76,-
